txt,pdf,docx,xls,html
7.637000000000002,13.641999999999998,7.380999999999999,5.380000000000002,208.80200000000002
0.07637,0.13642,0.07381,0.0538,2.08802
0.019531200111047396,0.04814481102136375,0.020368670238204732,0.008920524512367958,1.7495263022956364
