txt,pdf,docx,xls,html
10.719000000000003,17.126,10.949,6.127,99.40099999999993
0.10719000000000004,0.17126000000000002,0.10949,0.06127,0.9940099999999993
