txt,pdf,docx,xls,html
7.394000000000003,12.9,7.583999999999998,5.053,159.55499999999995
0.07394,0.129,0.07584,0.05053,1.59555
0.024005815793661168,0.031266530981161944,0.020394453593409592,0.006626324910399567,0.7886779037468883
