txt,pdf,docx,xls,html
10.180000000000007,16.28599999999999,10.879999999999997,5.366,320.676
0.1018,0.16286,0.1088,0.05366,3.20676
0.037088482788536326,0.049605518591659487,0.03948481360030088,0.009016505627867911,1.567994647486226
